role,biomarker,units,n,mean_ref,mean_rater,bias,sd,loa_low_95,loa_high_95,loa_range_95,MAE,CCC
Novice,roi_mm2,mm^2,20,110.26956662069703,117.21783576671342,6.948269146016349,19.5180979555682,-31.307202846897326,45.20374113893003,76.51094398582735,16.72915814981497,0.8092960534082211
Novice,flow_amp_mm3_s,mm^3/s,20,3278.9131398968348,3408.6827228958273,129.7695829989933,343.61953900120426,-543.724713443367,803.2638794413537,1346.9885928847207,281.442788905787,0.9622629228908811
Novice,sv_mm3,mm^3,20,741.4398272723547,764.901461144479,23.46163387212434,80.381625637083,-134.08635237655835,181.00962012080703,315.0959724973654,67.07887375040096,0.9518209638404858
DL,roi_mm2,mm^2,10,110.26956662069706,109.84620659446986,-0.42336002622719776,35.049127270007304,-69.11964947544152,68.27292942298712,137.39257889842864,28.309973307106134,0.49469454275820457
DL,flow_amp_mm3_s,mm^3/s,10,3278.913139896834,3277.253081279502,-1.6600586173324245,747.6352501231784,-1467.025148858762,1463.705031624097,2930.730180482859,579.4043861752974,0.8707467508016646
DL,sv_mm3,mm^3,10,741.4398272723546,728.5540814242497,-12.885745848104852,164.25699330081986,-334.8294527177118,309.057961021502,643.8874137392138,131.03833676278805,0.8596366491694826
